	Name	Country	Position	Team	Goals	Assists	G+A	Non-PK G	PK Made	PK Attempts	Yellow Cards	Red Cards
1	Alsu Abdullina	ru RUS	DF,FW	Chelsea	0	1	1	0	0	0	0	0
2	Princess Ademiluyi		MF,FW	West Ham	0	0	0	0	0	0	0	0
3	Michelle Agyemang	eng ENG	FW	Arsenal	0	0	0	0	0	0	0	0
4	Asmita Ale	eng ENG	DF,MF	Tottenham	0	1	1	0	0	0	0	0
5	Laia Aleixandri	es ESP	DF,MF	Manchester City	0	0	0	0	0	0	1	0
6	Tinaya Alexander	eng ENG	MF	Reading	0	0	0	0	0	0	0	0
7	Remi Allen	eng ENG	MF	Aston Villa	0	0	0	0	0	0	1	0
8	Filippa Angeldahl	se SWE	MF	Manchester City	2	1	3	2	0	0	1	0
9	Mackenzie Arnold	au AUS	GK	West Ham	0	0	0	0	0	0	1	0
10	Viviane Asseyi	fr FRA	FW,MF	West Ham	6	3	9	6	0	0	2	0
11	Izzy Atkinson	ie IRL	FW,MF	West Ham	1	1	2	1	0	0	0	0
12	Rosella Ayane	ma MAR	MF,FW	Tottenham	1	4	5	1	0	0	1	0
13	Ava Baker	eng ENG	FW	Leicester City	1	0	1	1	0	0	0	0
14	Libby Bance	eng ENG	MF	Brighton	0	0	0	0	0	0	0	0
15	Molly Bartrip	eng ENG	DF	Tottenham	1	3	4	1	0	0	3	0
16	Ona Batlle	es ESP	DF	Manchester Utd	1	9	10	1	0	0	1	0
17	Jennifer Beattie	sct SCO	DF	Arsenal	0	0	0	0	0	0	0	0
18	Agnes Beever-Jones	eng ENG	FW	Everton	2	0	2	2	0	0	3	1
19	Hanna Bennison	se SWE	MF,FW	Everton	3	0	3	3	0	0	0	0
20	Ann-Katrin Berger	de GER	GK	Chelsea	0	0	0	0	0	0	0	0
21	Guro Bergsvand	no NOR	DF	Brighton	0	1	1	0	0	0	0	0
22	Nathalie Björn	se SWE	DF,MF	Everton	0	1	1	0	0	0	4	0
23	Stina Blackstenius	se SWE	FW	Arsenal	8	0	8	8	0	0	0	0
24	Julie Blakstad	no NOR	FW	Manchester City	2	1	3	2	0	0	0	0
25	Laura Blindkilde	eng ENG	MF,FW	Aston Villa	0	0	0	0	0	0	2	0
26	Hannah Blundell	eng ENG	DF	Manchester Utd	1	2	3	1	0	0	3	0
27	Missy Bo Kearns	eng ENG	MF	Liverpool	4	0	4	4	0	0	2	0
28	Gemma Bonner	eng ENG	DF	Liverpool	0	1	1	0	0	0	1	0
29	CJ Bott	nz NZL	DF,MF	Leicester City	0	0	0	0	0	0	4	0
30	Chantelle Boye-Hlorkah	eng ENG	FW,MF	Aston Villa	0	0	0	0	0	0	0	0
31	Ellie Brazil	eng ENG	FW	Tottenham	0	0	0	0	0	0	0	0
32	Millie Bright	eng ENG	DF	Chelsea	1	1	2	1	0	0	0	0
33	Courtney Brosnan	ie IRL	GK	Everton	0	0	0	0	0	0	0	0
34	Georgia Brougham	eng ENG	DF	Leicester City	0	0	0	0	0	0	0	0
35	Dagný Brynjarsdóttir	is ISL	MF	West Ham	6	1	7	5	1	2	1	0
36	Faye Bryson	eng ENG	DF,MF	Reading	0	1	1	0	0	0	5	0
37	Kadeisha Buchanan	ca CAN	DF	Chelsea	0	0	0	0	0	0	2	0
38	Jackie Burns	nir NIR	GK	Reading	0	0	0	0	0	0	0	1
39	Vilde Bøe Risa	no NOR	MF	Manchester Utd	0	1	1	0	0	0	1	0
40	Hannah Cain	wls WAL	FW	Leicester City	2	2	4	1	1	1	1	0
41	Diane Caldwell	ie IRL	DF	Reading	0	0	0	0	0	0	2	0
42	Megan Campbell	ie IRL	DF,MF	Liverpool	0	1	1	0	0	0	2	0
43	Jelena Čanković	rs SRB	MF	Chelsea	4	2	6	4	0	0	0	0
44	Danielle Carter	eng ENG	FW,MF	Brighton	5	1	6	2	3	3	2	0
45	Jess Carter	eng ENG	DF	Chelsea	2	1	3	2	0	0	0	0
46	Estelle Cascarino	fr FRA	MF	Manchester Utd	0	0	0	0	0	0	0	0
47	Kerstin Casparij	nl NED	DF	Manchester City	0	3	3	0	0	0	0	0
48	Deyna Castellanos	ve VEN	MF	Manchester City	1	1	2	1	0	0	1	0
49	Steph Catley	au AUS	DF	Arsenal	1	2	3	1	0	0	0	0
50	Niamh Charles	eng ENG	DF,MF	Chelsea	4	3	7	4	0	0	0	0
51	Izzy Christiansen	eng ENG	MF,FW	Everton	0	1	1	0	0	0	0	0
52	Hawa Cissoko	fr FRA	DF	West Ham	1	0	1	1	0	0	3	1
53	Abby Clarke		FW	Everton	0	0	0	0	0	0	1	0
54	Aimee Claypole	eng ENG	MF	Chelsea	0	0	0	0	0	0	0	0
55	Megan Connolly	ie IRL	MF,DF	Brighton	0	1	1	0	0	0	2	0
56	Shannon Cooke	eng ENG	DF	West Ham	0	0	0	0	0	0	0	0
57	Laura Coombs	eng ENG	MF	Manchester City	5	4	9	5	0	0	0	0
58	Deanna Cooper	eng ENG	DF	Reading	1	0	1	1	0	0	5	0
59	Rachel Corsie	sct SCO	MF,DF	Aston Villa	0	1	1	0	0	0	1	0
60	Eartha Cumings	sct SCO	GK	Liverpool	0	0	0	0	0	0	0	0
61	Erin Cuthbert	sct SCO	MF	Chelsea	5	3	8	5	0	0	1	0
62	Sabrina D'Angelo	ca CAN	GK	Arsenal	0	0	0	0	0	0	0	0
63	Jemima Dahou	eng ENG	MF	Manchester City	0	0	0	0	0	0	0	0
64	Kenza Dali	fr FRA	MF	Aston Villa	5	8	13	5	0	0	0	0
65	Rachel Daly	eng ENG	FW	Aston Villa	22	6	28	19	3	3	2	0
66	Yana Daniels	be BEL	FW,MF	Liverpool	0	0	0	0	0	0	0	0
67	Anouk Denton	eng ENG	DF,FW	West Ham	0	0	0	0	0	0	0	0
68	Natasha Dowie	eng ENG	FW	Liverpool	2	1	3	2	0	0	0	0
69	Natasha Dowie	eng ENG	FW,MF	Reading	1	0	1	1	0	0	0	0
70	Mary Earps	eng ENG	GK	Manchester Utd	0	0	0	0	0	0	0	0
71	Georgia Eaton-Collins	eng ENG	DF,MF	Leicester City	0	0	0	0	0	0	0	0
72	Amalie Eikeland	no NOR	MF,DF	Reading	1	1	2	1	0	0	2	0
73	Bethany England	eng ENG	FW	Chelsea	2	0	2	2	0	0	0	0
74	Bethany England	eng ENG	FW	Tottenham	12	1	13	11	1	1	0	0
75	Magdalena Eriksson	se SWE	DF	Chelsea	1	0	1	1	0	0	0	0
76	Gemma Evans	wls WAL	DF	Reading	0	1	1	0	0	0	1	0
77	Lisa Evans	sct SCO	FW,MF	West Ham	3	2	5	3	0	0	1	0
78	Niamh Fahey	ie IRL	DF	Liverpool	0	0	0	0	0	0	1	0
79	Chelsea Ferguson	eng ENG	MF	Brighton	0	0	0	0	0	0	0	0
80	Melisa Filis	eng ENG	MF,FW	West Ham	0	2	2	0	0	0	2	0
81	Megan Finnigan	eng ENG	DF	Everton	2	0	2	2	0	0	0	0
82	Grace Fisk	eng ENG	DF	West Ham	0	0	0	0	0	0	2	0
83	Gilly Flaherty	eng ENG	DF	Liverpool	0	0	0	0	0	0	2	0
84	Keira Flannery	eng ENG	MF,FW	West Ham	0	0	0	0	0	0	0	0
85	Jessie Fleming	ca CAN	MF,FW	Chelsea	3	1	4	3	0	0	1	0
86	Natasha Flint	eng ENG	FW	Leicester City	1	0	1	1	0	0	0	0
87	Caitlin Foord	au AUS	FW,MF	Arsenal	6	6	12	6	0	0	3	0
88	Mary Fowler	au AUS	MF,FW	Manchester City	1	1	2	1	0	0	0	0
89	Jorja Fox	eng ENG	DF	Brighton	1	0	1	1	0	0	0	0
90	Rachel Furness	nir NIR	MF	Liverpool	1	0	1	1	0	0	1	0
91	Aurora Galli	it ITA	MF	Everton	0	2	2	0	0	0	0	0
92	Leah Galton	eng ENG	FW,MF	Manchester Utd	10	4	14	10	0	0	0	0
93	Lucía García	es ESP	FW,MF	Manchester Utd	8	1	9	8	0	0	1	0
94	Gabrielle George	eng ENG	DF,MF	Everton	2	2	4	2	0	0	4	0
95	Lee Geum-min	kr KOR	FW,MF	Brighton	3	2	5	3	0	0	2	0
96	Emily Gielnik	au AUS	FW,MF	Aston Villa	1	0	1	1	0	0	0	0
97	Gio	br BRA	FW,MF	Arsenal	0	0	0	0	0	0	2	0
98	Gio	br BRA	FW,MF	Everton	1	0	1	1	0	0	0	0
99	Freya Godfrey	eng ENG	FW,MF	Arsenal	0	0	0	0	0	0	0	0
100	Teyah Goldie	eng ENG	FW	Arsenal	0	0	0	0	0	0	0	0
101	Isobel Goodwin	eng ENG	FW	Aston Villa	0	0	0	0	0	0	0	0
102	Missy Goodwin	eng ENG	FW,MF	Leicester City	1	0	1	1	0	0	0	0
103	Kit Graham	eng ENG	FW,MF	Tottenham	1	1	2	1	0	0	0	0
104	Lucy Graham	sct SCO	DF,MF	Everton	2	1	3	2	0	0	2	0
105	Josephine Green	wls WAL	MF	Leicester City	1	1	2	1	0	0	1	0
106	Kayleigh Green	wls WAL	DF,FW	Brighton	1	2	3	1	0	0	3	0
107	Alex Greenwood	eng ENG	DF	Manchester City	0	3	3	0	0	1	3	0
108	Freya Gregory	eng ENG	FW	Aston Villa	0	0	0	0	0	0	0	0
109	Lenna Gunning-Williams	eng ENG	FW	Tottenham	0	0	0	0	0	0	0	0
110	Hannah Hampton	eng ENG	GK	Aston Villa	0	0	0	0	0	0	1	0
111	Kirsty Hanson	sct SCO	FW,MF	Aston Villa	7	9	16	7	0	0	4	0
112	Pernille Harder	dk DEN	FW,MF	Chelsea	8	3	11	7	1	1	0	0
113	Natasha Harding	wls WAL	MF,FW	Aston Villa	0	0	0	0	0	0	0	0
114	Emma Harries	eng ENG	FW,MF	Reading	2	1	3	2	0	0	1	0
115	Kerys Harrop	eng ENG	DF,MF	Tottenham	0	1	1	0	0	0	2	0
116	Yui Hasegawa	jp JPN	MF	Manchester City	1	1	2	1	0	0	0	0
117	Honoka Hayashi	jp JPN	MF,FW	West Ham	1	0	1	1	0	0	1	0
118	Lauren Hemp	eng ENG	FW	Manchester City	7	6	13	7	0	0	2	0
119	Brooke Hendrix	us USA	DF	Reading	0	0	0	0	0	0	0	0
120	Sophie Hillyerd	eng ENG	GK	West Ham	0	0	0	0	0	0	0	0
121	Taylor Hinds	eng ENG	DF,MF	Liverpool	0	2	2	0	0	0	2	0
122	Ceri Holland	wls WAL	MF	Liverpool	4	0	4	4	0	0	6	0
123	Karen Holmgaard	dk DEN	MF,DF	Everton	1	2	3	1	0	0	1	0
124	Sara Holmgaard	dk DEN	DF	Everton	0	0	0	0	0	0	0	0
125	Steph Houghton	eng ENG	DF	Manchester City	2	1	3	2	0	0	1	0
126	Halle Houssein	eng ENG	MF	West Ham	0	0	0	0	0	0	0	0
127	Sophie Howard	sct SCO	DF	Leicester City	0	0	0	0	0	0	1	0
128	Carla Humphrey	eng ENG	FW,MF	Liverpool	0	0	0	0	0	0	0	0
129	Lina Hurtig	se SWE	FW	Arsenal	0	0	0	0	0	0	0	0
130	Celin Ildhusøy	no NOR	MF,FW	Tottenham	2	1	3	2	0	0	1	0
131	Sophie Ingle	wls WAL	MF	Chelsea	2	3	5	2	0	0	1	0
132	Mana Iwabuchi	jp JPN	MF,FW	Arsenal	0	0	0	0	0	0	0	0
133	Mana Iwabuchi	jp JPN	MF,FW	Tottenham	0	1	1	0	0	0	0	0
134	Angharad James	wls WAL	MF	Tottenham	0	2	2	0	0	0	1	0
135	Lauren James	eng ENG	FW	Chelsea	5	2	7	5	0	1	1	0
136	Rebecca Jane	eng ENG	MF	Reading	0	0	0	0	0	0	0	0
137	Lulu Jarvis	eng ENG	MF	Brighton	0	0	0	0	0	0	0	0
138	Carrie Jones	wls WAL	FW,MF	Leicester City	2	0	2	2	0	0	1	0
139	Nikola Karczewska	pl POL	FW	Tottenham	2	0	2	2	0	0	1	0
140	Khiara Keating	eng ENG	GK	Manchester City	0	0	0	0	0	0	0	0
141	Alice Keitley		FW	Aston Villa	0	0	0	0	0	0	0	0
142	Chloe Kelly	eng ENG	FW	Manchester City	5	9	14	5	0	0	4	0
143	Alanna Kennedy	au AUS	DF	Manchester City	0	0	0	0	0	0	0	0
144	Sam Kerr	au AUS	FW	Chelsea	12	5	17	12	0	0	0	0
145	Leanne Kiernan	ie IRL	FW	Liverpool	0	0	0	0	0	0	0	0
146	Faye Kirby	eng ENG	GK	Liverpool	0	0	0	0	0	0	1	0
147	Fran Kirby	eng ENG	MF,DF	Chelsea	6	1	7	5	1	1	0	0
148	Emma Koivisto	fi FIN	DF,MF	Liverpool	2	4	6	2	0	0	2	0
149	Tinja-Riikka Korpela	fi FIN	GK	Tottenham	0	0	0	0	0	0	0	0
150	Kathrine Kühl	dk DEN	MF,FW	Arsenal	0	0	0	0	0	0	0	0
151	Emma Kullberg	se SWE	DF	Brighton	0	0	0	0	0	0	2	1
152	Thea Kyvåg	no NOR	FW	West Ham	0	0	0	0	0	0	1	0
153	Hayley Ladd	wls WAL	MF	Manchester Utd	4	2	6	4	0	0	2	0
154	Demi Lambourne	eng ENG	GK	Leicester City	0	0	0	0	0	0	0	0
155	Melissa Lawley	eng ENG	FW,MF	Liverpool	0	3	3	0	0	0	2	0
156	Rachael Laws	eng ENG	GK	Liverpool	0	0	0	0	0	0	1	0
157	Maya Le Tissier	eng ENG	DF	Manchester Utd	2	2	4	2	0	0	0	0
158	Anna Leat	nz NZL	GK	Aston Villa	0	0	0	0	0	0	1	0
159	Alisha Lehmann	ch SUI	FW	Aston Villa	5	2	7	5	0	1	2	0
160	Janina Leitzig	de GER	GK	Leicester City	0	0	0	0	0	0	0	0
161	Adriana Leon	ca CAN	FW,MF	Manchester Utd	1	0	1	1	0	0	0	0
162	Melanie Leupolz	de GER	MF,FW	Chelsea	0	0	0	0	0	0	1	0
163	Kirstie Levell	eng ENG	GK	Leicester City	0	0	0	0	0	0	0	0
164	Kim Little	sct SCO	MF	Arsenal	4	2	6	1	3	4	0	0
165	Ruesha Littlejohn	ie IRL	MF	Aston Villa	0	0	0	0	0	0	2	0
166	Kate Longhurst	eng ENG	MF,DF	West Ham	0	0	0	0	0	0	3	0
167	Vicky Losada	es ESP	MF	Manchester City	0	0	0	0	0	0	0	0
168	Frida Maanum	no NOR	MF	Arsenal	9	4	13	9	0	0	1	0
169	Ruby Mace	eng ENG	MF	Leicester City	0	0	0	0	0	0	5	1
170	Ruby Mace	eng ENG	MF	Manchester City	0	0	0	0	0	0	0	0
171	Sandy MacIver	eng ENG	GK	Manchester City	0	0	0	0	0	0	0	0
172	Simone Magill	nir NIR	MF,FW	Aston Villa	0	1	1	0	0	0	1	0
173	Leonie Maier	de GER	DF,FW	Everton	1	0	1	1	0	0	0	0
174	Aoife Mannion	ie IRL	DF	Manchester Utd	0	0	0	0	0	0	0	0
175	Noelle Maritz	ch SUI	DF	Arsenal	0	2	2	0	0	0	1	0
176	Jasmine Matthews	eng ENG	DF,MF	Liverpool	0	0	0	0	0	0	1	0
177	Easther Mayi Kith	cm CMR	DF,MF	Reading	0	0	0	0	0	0	0	0
178	Sarah Mayling	eng ENG	DF	Aston Villa	0	1	1	0	0	0	3	0
179	Katie McCabe	ie IRL	DF,FW	Arsenal	3	4	7	3	0	2	7	0
180	Olivia McLoughlin	eng ENG	MF	Aston Villa	0	0	0	0	0	0	0	0
181	Abbie McManus	eng ENG	MF,DF	Leicester City	0	0	0	0	0	0	0	0
182	Beth Mead	eng ENG	FW	Arsenal	3	4	7	3	0	0	0	0
183	Vivianne Miedema	nl NED	MF,FW	Arsenal	4	1	5	4	0	0	0	0
184	Emma Mitchell	sct SCO	DF	Reading	0	2	2	0	0	0	0	0
185	Maren Mjelde	no NOR	DF,MF	Chelsea	1	0	1	0	1	1	0	0
186	Grace Moloney	ie IRL	GK	Reading	0	0	0	0	0	0	1	0
187	Jade Moore	eng ENG	MF,DF	Manchester Utd	0	0	0	0	0	0	0	0
188	Jade Moore	eng ENG	MF	Reading	0	0	0	0	0	0	2	0
189	Esme Morgan	eng ENG	DF	Manchester City	0	0	0	0	0	0	1	0
190	Zoe Morse	us USA	DF	Brighton	0	0	0	0	0	0	0	0
191	Georgia Mullett		MF	Aston Villa	0	0	0	0	0	0	0	0
192	Zećira Mušović	se SWE	GK	Chelsea	0	0	0	0	0	0	0	0
193	Lisa Naalsund	no NOR	FW	Manchester Utd	0	0	0	0	0	0	0	0
194	Fūka Nagano	jp JPN	MF	Liverpool	0	0	0	0	0	0	0	0
195	Ashleigh Neville	eng ENG	DF,MF	Tottenham	3	3	6	3	0	0	4	1
196	Courtney Nevin	au AUS	DF	Leicester City	0	4	4	0	0	0	1	0
197	Jessica Ngunga	eng ENG	FW,MF	Tottenham	2	0	2	2	0	0	2	0
198	Jordan Nobbs	eng ENG	MF,FW	Arsenal	2	0	2	2	0	0	0	0
199	Jordan Nobbs	eng ENG	MF,FW	Aston Villa	4	0	4	4	0	0	2	0
200	Aniek Nouwen	nl NED	DF	Chelsea	0	0	0	0	0	0	0	0
201	Leila Ouahabi	es ESP	DF	Manchester City	0	0	0	0	0	0	3	0
202	Shannon O’Brien	eng ENG	FW,MF	Leicester City	0	1	1	0	0	0	4	0
203	Mayumi Pacheco	eng ENG	DF	Aston Villa	0	3	3	0	0	0	2	0
204	Jessica Park	eng ENG	FW,MF	Everton	3	4	7	3	0	0	0	0
205	Lucy Parker	eng ENG	DF,MF	West Ham	0	0	0	0	0	0	4	0
206	Nikita Parris	eng ENG	FW	Manchester Utd	4	1	5	4	0	0	1	0
207	Anna Patten	eng ENG	DF	Aston Villa	0	1	1	0	0	0	1	0
208	Poppy Pattinson	eng ENG	DF	Brighton	0	1	1	0	0	0	2	0
209	Gracie Pearse	eng ENG	DF,MF	Tottenham	0	0	0	0	0	0	0	0
210	Sofie Pedersen	dk DEN	MF	Liverpool	0	0	0	0	0	0	1	0
211	Victoria Pelova	nl NED	MF,FW	Arsenal	1	3	4	1	0	0	0	0
212	Ria Percival	nz NZL	FW,MF	Tottenham	0	0	0	0	0	0	0	0
213	Ève Périsset	fr FRA	DF,MF	Chelsea	0	3	3	0	0	0	0	0
214	Madison Perry		FW	Reading	0	0	0	0	0	0	0	0
215	Ramona Petzelberger	de GER	FW,DF	Tottenham	0	0	0	0	0	0	0	0
216	Molly Pike	eng ENG	MF,FW	Leicester City	0	0	0	0	0	0	1	0
217	Ashleigh Plumptre	ng NGA	DF	Leicester City	1	0	1	1	0	0	4	0
218	Tia Primmer	eng ENG	MF,FW	Reading	1	0	1	1	0	0	2	0
219	Jemma Purfield	eng ENG	DF,MF	Leicester City	0	0	0	0	0	0	0	0
220	Evie Rabjohn	eng ENG	DF	Aston Villa	0	0	0	0	0	0	0	0
221	Rafaelle	br BRA	DF	Arsenal	2	0	2	2	0	0	0	0
222	Emily Ramsey	eng ENG	GK	Everton	0	0	0	0	0	0	0	0
223	Hayley Raso	au AUS	FW,DF	Manchester City	1	0	1	1	0	0	1	0
224	Jess Reavill		DF	Leicester City	0	0	0	0	0	0	0	0
225	Guro Reiten	no NOR	FW,MF	Chelsea	9	11	20	7	2	2	0	0
226	Jayde Riviere	ca CAN	DF	Manchester Utd	0	0	0	0	0	0	0	0
227	Leigh-Anne Robe	eng ENG	DF	Liverpool	0	0	0	0	0	0	0	0
228	Rhiannon Roberts	wls WAL	DF,MF	Liverpool	1	0	1	1	0	0	0	0
229	Katie Robinson	eng ENG	FW,MF	Brighton	4	6	10	4	0	0	0	0
230	Monique Robinson	eng ENG	MF,FW	Leicester City	1	0	1	1	0	0	0	0
231	Ellie Roebuck	eng ENG	GK	Manchester City	0	0	0	0	0	0	1	1
232	Deanne Rose	ca CAN	FW	Reading	0	0	0	0	0	0	0	0
233	Rachel Rowe	wls WAL	MF,FW	Reading	3	1	4	3	0	0	2	0
234	Alessia Russo	eng ENG	FW	Manchester Utd	10	1	11	10	0	0	1	0
235	Johanna Rytting Kaneryd	se SWE	FW,MF	Chelsea	1	3	4	1	0	0	0	0
236	Shanice van de Sanden	nl NED	FW	Liverpool	1	3	4	1	0	0	3	0
237	Veatriki Sarri	gr GRE	MF,FW	Brighton	3	2	5	3	0	0	3	0
238	Connie Scofield	eng ENG	MF,FW	Leicester City	0	0	0	0	0	0	0	0
239	Rikke Sevecke	dk DEN	DF	Everton	1	0	1	1	0	0	1	0
240	Khadija Shaw	jm JAM	FW	Manchester City	20	7	27	19	1	1	0	0
241	Risa Shimizu	jp JPN	DF	West Ham	0	0	0	0	0	0	0	0
242	Remy Siemsen	au AUS	FW,MF	Leicester City	1	1	2	1	0	0	0	0
243	Jessica Sigsworth	eng ENG	MF	Leicester City	0	0	0	0	0	0	0	0
244	Hannah Silcock	eng ENG	DF	Liverpool	0	0	0	0	0	0	0	0
245	Erin Simon	us USA	DF	Leicester City	0	0	0	0	0	0	1	0
246	Kyah Simon	au AUS	FW	Tottenham	0	0	0	0	0	0	0	0
247	Kirsty Smith	sct SCO	DF	West Ham	0	2	2	0	0	0	0	0
248	Mackenzie Smith		DF,MF	Leicester City	0	0	0	0	0	0	0	0
249	Emma Snerle	dk DEN	MF,FW	West Ham	2	0	2	2	0	0	1	0
250	Katja Snoeijs	nl NED	FW	Everton	7	0	7	6	1	1	0	0
251	Cho So-hyun	kr KOR	MF	Tottenham	0	2	2	0	0	0	0	0
252	Drew Spence	jm JAM	MF,FW	Tottenham	3	2	5	3	0	0	5	0
253	Rebecca Spencer	jm JAM	GK	Tottenham	0	0	0	0	0	0	1	0
254	Lucy Staniforth	eng ENG	MF,FW	Manchester Utd	0	0	0	0	0	0	0	0
255	Lucy Staniforth	eng ENG	MF	Aston Villa	1	1	2	1	0	0	2	0
256	Dejana Stefanović	rs SRB	MF	Brighton	0	0	0	0	0	0	0	0
257	Elise Stenevik	no NOR	DF,FW	Everton	0	2	2	0	0	0	0	0
258	Katie Stengel	us USA	FW	Liverpool	9	0	9	7	2	2	0	0
259	Demi Stokes	eng ENG	DF	Manchester City	0	0	0	0	0	0	0	0
260	Rebekah Stott	nz NZL	DF	Brighton	0	0	0	0	0	0	0	0
261	Abbey-Leigh Stringer	eng ENG	MF	West Ham	0	0	0	0	0	0	4	0
262	Eveliina Summanen	fi FIN	MF,FW	Tottenham	3	3	6	3	0	0	5	0
263	Kateřina Svitková	cz CZE	FW,MF	Chelsea	0	1	1	0	0	0	0	0
264	Maisie Symonds	eng ENG	FW,MF	Brighton	0	0	0	0	0	0	1	0
265	Nicoline Sørensen	dk DEN	FW,DF	Everton	2	4	6	2	0	0	0	0
266	Jodie Taylor	eng ENG	MF,FW	Arsenal	0	1	1	0	0	0	1	0
267	Miri Taylor	eng ENG	MF	Liverpool	0	0	0	0	0	0	0	0
268	Elisabeth Terland	no NOR	FW,MF	Brighton	7	0	7	7	0	0	3	0
269	Amalie Thestrup	dk DEN	FW,MF	West Ham	0	0	0	0	0	0	0	0
270	Martha Thomas	sct SCO	FW	Manchester Utd	1	2	3	1	0	0	0	0
271	Maria Thorisdottir	no NOR	DF	Manchester Utd	0	0	0	0	0	0	0	0
272	Samantha Tierney	eng ENG	MF,DF	Leicester City	2	2	4	2	0	0	5	0
273	Ella Toone	eng ENG	MF	Manchester Utd	3	8	11	3	0	0	2	1
274	Aïssatou Tounkara	fr FRA	DF	Manchester Utd	0	0	0	0	0	0	0	0
275	Sanne Troelsgaard Nielsen	dk DEN	MF,FW	Reading	4	1	5	3	1	1	0	0
276	Amy Turner	eng ENG	DF	Tottenham	0	0	0	0	0	0	4	0
277	Danielle Turner	eng ENG	DF	Aston Villa	0	0	0	0	0	0	1	0
278	Millie Turner	eng ENG	DF	Manchester Utd	2	0	2	2	0	0	1	0
279	Amber Tysiak	be BEL	DF	West Ham	0	0	0	0	0	0	0	0
280	Chioma Ubogagu	eng ENG	FW,MF	Tottenham	0	0	0	0	0	0	0	0
281	Demi Vance	nir NIR	DF	Leicester City	0	0	0	0	0	0	0	0
282	Justine Vanhaevermaet	be BEL	MF	Reading	4	0	4	3	1	1	2	0
283	Katrine Veje	dk DEN	DF	Everton	0	0	0	0	0	0	0	0
284	Brianna Visalli	us USA	MF,FW	Brighton	0	0	0	0	0	0	0	0
285	Lauren Wade	nir NIR	FW,MF	Reading	1	0	1	1	0	0	0	0
286	Claudia Walker	eng ENG	FW	West Ham	0	0	0	0	0	0	1	0
287	Megan Walsh	ie IRL	GK	Brighton	0	0	0	0	0	0	0	0
288	Lia Wälti	ch SUI	MF	Arsenal	1	0	1	1	0	0	1	0
289	Charlotte Wardlaw	eng ENG	MF,DF	Liverpool	0	0	0	0	0	0	1	0
290	Kenzie Weir	sct SCO	MF	Everton	0	0	0	0	0	0	0	0
291	Charlie Wellings	eng ENG	FW,MF	Reading	4	2	6	4	0	0	1	0
292	Clare Wheeler	au AUS	MF	Everton	0	1	1	0	0	0	0	0
293	Aileen Whelan	eng ENG	MF,FW	Leicester City	1	1	2	1	0	0	1	0
294	Laura Wienroither	at AUT	DF	Arsenal	1	0	1	1	0	0	0	0
295	Lydia Williams	au AUS	GK	Brighton	0	0	0	0	0	0	0	0
296	Rachel Williams	eng ENG	FW,MF	Manchester Utd	4	0	4	4	0	0	0	0
297	Victoria Williams	jm JAM	DF	Brighton	0	0	0	0	0	0	1	0
298	Leah Williamson	eng ENG	DF,MF	Arsenal	1	1	2	1	0	0	0	0
299	Lily Woodham	wls WAL	DF,MF	Reading	0	1	1	0	0	0	4	0
300	Lotte Wubben-Moy	eng ENG	DF	Arsenal	1	1	2	1	0	0	1	0
301	Park Yeeun	kr KOR	FW,MF	Brighton	0	0	0	0	0	0	0	0
302	Shelina Zadorsky	ca CAN	DF	Tottenham	0	0	0	0	0	0	0	0
303	Katie Zelem	eng ENG	MF	Manchester Utd	3	8	11	1	2	3	7	0
304	Julia Zigiotti Olme	se SWE	MF	Brighton	2	1	3	2	0	0	4	0
305	Manuela Zinsberger	at AUT	GK	Arsenal	0	0	0	0	0	0	0	0
306	Jessica Ziu	ie IRL	MF,DF	West Ham	0	1	1	0	0	0	1	0
